Workbook

Sheet 📊 Resumo
A1: Junior Joda Soluções Imobiliárias
B2: Venda | C2: Locação | D2: Total
A3: Total de imóveis | B3: =COUNTA('📋 Venda'!A3:A1000) | C3: =COUNTA('🔑 Locação'!A3:A1000) | D3: =B3+C3
A4: Preço mínimo (R$) | B4: =MINIFS('📋 Venda'!M3:M1000,'📋 Venda'!M3:M1000,">0") | C4: =MINIFS('🔑 Locação'!M3:M1000,'🔑 Locação'!M3:M1000,">0")
A5: Preço máximo (R$) | B5: =MAX('📋 Venda'!M3:M1000) | C5: =MAX('🔑 Locação'!M3:M1000)
A6: Preço médio (R$) | B6: =AVERAGEIF('📋 Venda'!M3:M1000,">0") | C6: =AVERAGEIF('🔑 Locação'!M3:M1000,">0")
A8: Contato Imobiliária | B8: (44) 3354-9970
A9: WhatsApp | B9: (44) 98813-2965
A10: CRECI | B10: F11108
A11: Site | B11: juniorjoda.com.br
A12: Extração | B12: 28/06/2026 01:26

Sheet 📋 Venda
A1: 🏠 Junior Joda Soluções Imobiliárias — Imóveis para Venda | Extraído em 28/06/2026
A2: Ref. | B2: Tipo | C2: Empreendimento | D2: Bairro / Localização | E2: Cidade | F2: Endereço | G2: Área Priv. (m²) | H2: Área Total (m²) | I2: Área Terreno (m²) | J2: Quartos | K2: Suítes | L2: Vagas | M2: Preço (R$) | N2: Obs. | O2: Link
A3: 43820000016 | B3: Apartamento | C3: Magnifique | D3: Zona 01 Centro | E3: Maringá - PR | F3: Av. XV de Novembro | G3: 245 | H3: 437.21 | L3: 4 | M3: Consulte | O3: =HYPERLINK("https://juniorjoda.com.br/imovel/43820000016/","Ver anúncio")
A4: 43820000185 | B4: Terreno Comercial | D4: Jardim Aurora | E4: Maringá - PR | F4: R. Marcello Emerson Franchini | H4: 2080.55 | I4: 2080.55 | M4: Consulte | O4: =HYPERLINK("https://juniorjoda.com.br/imovel/43820000185/","Ver anúncio")
A5: 43820000006 | B5: Terreno | D5: Jardim Dias II | E5: Maringá - PR | F5: R. Domingos Santa Cruz | H5: 150.62 | I5: 150.62 | M5: 195000 | O5: =HYPERLINK("https://juniorjoda.com.br/imovel/43820000006/","Ver anúncio")
A6: 43820000007 | B6: Terreno | D6: Ecovalley Ecologic City | E6: Sarandi - PR | F6: R. 9351 | H6: 302.8 | I6: 302.8 | M6: 195000 | O6: =HYPERLINK("https://juniorjoda.com.br/imovel/43820000007/","Ver anúncio")
A7: 43820000029 | B7: Sala Comercial | D7: Zona 06 | E7: Maringá - PR | F7: R. João Vercesi | G7: 39.08 | H7: 55.52 | M7: 195000 | O7: =HYPERLINK("https://juniorjoda.com.br/imovel/43820000029/","Ver anúncio")
A8: 43820000074 | B8: Terreno | D8: Ecovalley Ecologic City | E8: Sarandi - PR | F8: R. 9330 | H8: 302.8 | I8: 302.8 | M8: 195000 | O8: =HYPERLINK("https://juniorjoda.com.br/imovel/43820000074/","Ver anúncio")
A9: 43820000003 | B9: Terreno | D9: Gleba Ribeirão Maringá | E9: Maringá - PR | F9: Estrada Ibipitanga | H9: 1000.49 | I9: 1000.49 | M9: 215000 | O9: =HYPERLINK("https://juniorjoda.com.br/imovel/43820000003/","Ver anúncio")
A10: 43820000173 | B10: Casa | D10: Loteamento Madrid | E10: Maringá - PR | F10: R. Pioneiro Paschoal Locatelli | G10: 90.38 | I10: 150 | J10: 2 | K10: 1 | L10: 2 | M10: 330000 | O10: =HYPERLINK("https://juniorjoda.com.br/imovel/43820000173/","Ver anúncio")
A11: 43820000160 | B11: Casa | D11: Parque Avenida | E11: Maringá - PR | F11: R. Allan Kardec | G11: 187 | I11: 300 | J11: 3 | L11: 4 | M11: 350000 | O11: =HYPERLINK("https://juniorjoda.com.br/imovel/43820000160/","Ver anúncio")
A12: 43820000152 | B12: Apartamento | C12: Rouget Village | D12: Zona 07 | E12: Maringá - PR | F12: R. Jangada | G12: 55 | H12: 105.16 | J12: 2 | L12: 1 | M12: 360000 | O12: =HYPERLINK("https://juniorjoda.com.br/imovel/43820000152/","Ver anúncio")
A13: 43820000133 | B13: Chácara em Área de Lazer | D13: Jardim São Paulo II | E13: Sarandi - PR | F13: R. Projetada M | M13: 420000 | O13: =HYPERLINK("https://juniorjoda.com.br/imovel/43820000133/","Ver anúncio")
A14: 43820000067 | B14: Terreno | D14: Jardim São Basilio | E14: Maringá - PR | F14: R. Tranquilo Morgon | H14: 648.8 | I14: 648.8 | M14: 440000 | O14: =HYPERLINK("https://juniorjoda.com.br/imovel/43820000067/","Ver anúncio")
A15: 43820000220 | B15: Terreno em Condomínio | C15: Alphaville | D15: Iguaraçu | E15: Iguaraçu - PR | F15: Rodovia PR317 Km 15 | H15: 455.53 | I15: 455.53 | M15: 480000 | O15: =HYPERLINK("https://juniorjoda.com.br/imovel/43820000220/","Ver anúncio")
A16: 43820000199 | B16: Apartamento | C16: Portal de Elyon | D16: Jardim Aclimação | E16: Maringá - PR | F16: Av. Dr. Gastão Vidigal | G16: 84 | H16: 110 | J16: 2 | K16: 1 | L16: 1 | M16: 520000 | O16: =HYPERLINK("https://juniorjoda.com.br/imovel/43820000199/","Ver anúncio")
A17: 43820000143 | B17: Terreno | D17: Zona 04 | E17: Maringá - PR | F17: R. Cerqueira Cézar | H17: 372.42 | I17: 372.42 | M17: 530000 | O17: =HYPERLINK("https://juniorjoda.com.br/imovel/43820000143/","Ver anúncio")
A18: 43820000142 | B18: Casa | D18: Jardim Pinheiros | E18: Maringá - PR | F18: R. Sequóia | G18: 98.8 | I18: 150 | J18: 2 | K18: 1 | L18: 2 | M18: 550000 | O18: =HYPERLINK("https://juniorjoda.com.br/imovel/43820000142/","Ver anúncio")
A19: 43820000154 | B19: Apartamento | C19: Residencial Magnanti | D19: Jardim Cerro Azul | E19: Maringá - PR | F19: R. Pioneiro Waldemar Lingiardi | G19: 83.03 | H19: 105.22 | J19: 2 | K19: 1 | L19: 2 | M19: 580000 | O19: =HYPERLINK("https://juniorjoda.com.br/imovel/43820000154/","Ver anúncio")
A20: 43820000219 | B20: Terreno em Condomínio | C20: Alphaville | D20: Iguaraçu | E20: Iguaraçu - PR | F20: Rodovia PR317 Km 15 | H20: 600.31 | I20: 600.31 | M20: 600000 | O20: =HYPERLINK("https://juniorjoda.com.br/imovel/43820000219/","Ver anúncio")
A21: 43820000215 | B21: Terreno em Condomínio | C21: Alphaville | D21: Iguaraçu | E21: Iguaraçu - PR | F21: Rodovia PR317 Km 15 | H21: 623.94 | I21: 623.94 | M21: 625000 | O21: =HYPERLINK("https://juniorjoda.com.br/imovel/43820000215/","Ver anúncio")
A22: 43820000205 | B22: Apartamento Kitnet | C22: Out Smart Living | D22: Jardim Aclimação | E22: Maringá - PR | F22: Av. Senador Petrônio Portela | M22: 639500 | O22: =HYPERLINK("https://juniorjoda.com.br/imovel/43820000205/","Ver anúncio")
A23: 43820000213 | B23: Terreno Comercial | D23: Parque Industrial Alicante | E23: Londrina - PR | F23: Rodovia Carlos João Strass | M23: 650000 | O23: =HYPERLINK("https://juniorjoda.com.br/imovel/43820000213/","Ver anúncio")
A24: 43820000158 | B24: Casa | D24: Bom Jardim | E24: Maringá - PR | F24: R. Antônio Rigoldi | G24: 136.7 | I24: 200 | J24: 2 | K24: 1 | L24: 3 | M24: 660000 | O24: =HYPERLINK("https://juniorjoda.com.br/imovel/43820000158/","Ver anúncio")
A25: 43820000216 | B25: Terreno em Condomínio | C25: Alphaville | D25: Iguaraçu | E25: Iguaraçu - PR | F25: Rodovia PR317 Km 15 | H25: 508.22 | I25: 508.22 | M25: 700000 | O25: =HYPERLINK("https://juniorjoda.com.br/imovel/43820000216/","Ver anúncio")
A26: 43820000042 | B26: Apartamento | C26: Santa Helena | D26: Zona 01 Centro | E26: Maringá - PR | F26: R. Piratininga | G26: 90 | J26: 2 | K26: 1 | L26: 2 | M26: 710000 | O26: =HYPERLINK("https://juniorjoda.com.br/imovel/43820000042/","Ver anúncio")
A27: 43820000183 | B27: Apartamento | C27: Torre Kadosh | D27: Loteamento Malbec | E27: Maringá - PR | F27: R. Nardina Rodrigues Johansen | G27: 98 | H27: 184 | J27: 2 | K27: 1 | L27: 2 | M27: 830000 | O27: =HYPERLINK("https://juniorjoda.com.br/imovel/43820000183/","Ver anúncio")
A28: 43820000005 | B28: Terreno Comercial | D28: Jardim Universo | E28: Maringá - PR | F28: Av. Joaquim Duarte Moleirinho | H28: 804 | I28: 804 | M28: 850000 | O28: =HYPERLINK("https://juniorjoda.com.br/imovel/43820000005/","Ver anúncio")
A29: 43820000072 | B29: Apartamento | C29: Maison Florence | D29: Zona 03 | E29: Maringá - PR | F29: R. Neo Alves Martins | G29: 78.53 | H29: 160.04 | J29: 2 | K29: 1 | L29: 2 | M29: 850000 | O29: =HYPERLINK("https://juniorjoda.com.br/imovel/43820000072/","Ver anúncio")
A30: 43820000106 | B30: Apartamento | C30: Monte Sinai | D30: Zona 01 Centro | E30: Maringá - PR | F30: Av. João Paulino Vieira Filho | G30: 104.45 | H30: 201.77 | J30: 2 | K30: 1 | L30: 2 | M30: 850000 | O30: =HYPERLINK("https://juniorjoda.com.br/imovel/43820000106/","Ver anúncio")
A31: 43820000088 | B31: Apartamento | C31: Maison Florence | D31: Zona 03 | E31: Maringá - PR | F31: R. Neo Alves Martins | G31: 78.53 | H31: 160.04 | J31: 2 | K31: 1 | L31: 2 | M31: 890000 | O31: =HYPERLINK("https://juniorjoda.com.br/imovel/43820000088/","Ver anúncio")
A32: 43820000187 | B32: Sobrado | D32: Jardim Higienópolis | E32: Maringá - PR | F32: R. Rosacruz | G32: 145.73 | I32: 150 | J32: 2 | K32: 1 | L32: 2 | M32: 930000 | O32: =HYPERLINK("https://juniorjoda.com.br/imovel/43820000187/","Ver anúncio")
A33: 43820000211 | B33: Apartamento | C33: Torre de Elohim | D33: Jardim Aclimação | E33: Maringá - PR | F33: Av. Dr. Gastão Vidigal | G33: 106 | J33: 2 | K33: 1 | L33: 2 | M33: 940000 | O33: =HYPERLINK("https://juniorjoda.com.br/imovel/43820000211/","Ver anúncio")
A34: 43820000206 | B34: Apartamento | C34: Square | D34: Zona 07 | E34: Maringá - PR | F34: R. Marechal Deodoro | G34: 1.03 | M34: 1296080 | O34: =HYPERLINK("https://juniorjoda.com.br/imovel/43820000206/","Ver anúncio")
A35: 43820000214 | B35: Apartamento | C35: Porto Virmond | D35: Zona 01 Centro | E35: Maringá - PR | F35: R. Piratininga | G35: 240 | J35: 3 | K35: 2 | L35: 2 | M35: 1300000 | O35: =HYPERLINK("https://juniorjoda.com.br/imovel/43820000214/","Ver anúncio")
A36: 43820000181 | B36: Casa em Condomínio | C36: Pousada do Paranapanema | D36: Gleba Zacarias de Goes | E36: Santo Inácio - PR | F36: Av. Paranapanema | G36: 460 | I36: 961.16 | J36: 2 | K36: 1 | L36: 4 | M36: 1350000 | O36: =HYPERLINK("https://juniorjoda.com.br/imovel/43820000181/","Ver anúncio")
A37: 43820000190 | B37: Apartamento | C37: Villagio di Italia | D37: Zona 01 Centro | E37: Maringá - PR | F37: Av. Mauá | G37: 104.76 | H37: 199.76 | J37: 1 | K37: 1 | L37: 2 | M37: 1400000 | O37: =HYPERLINK("https://juniorjoda.com.br/imovel/43820000190/","Ver anúncio")
A38: 43820000180 | B38: Casa em Condomínio | C38: Horizontal Paço Darcos | D38: Zona 08 | E38: Maringá - PR | F38: Av. Londrina | G38: 216.37 | I38: 218.5 | J38: 1 | K38: 3 | L38: 4 | M38: 1480000 | O38: =HYPERLINK("https://juniorjoda.com.br/imovel/43820000180/","Ver anúncio")
A39: 43820000207 | B39: Apartamento | C39: Paseo | D39: Zona 03 | E39: Maringá - PR | F39: R. Henrique Dias | G39: 218 | M39: 2876050 | O39: =HYPERLINK("https://juniorjoda.com.br/imovel/43820000207/","Ver anúncio")
A40: 43820000212 | B40: Terreno Comercial | D40: Gleba Ribeirão Pinguim | E40: Maringá - PR | F40: Rodovia PR317 | H40: 40849.64 | I40: 40849.64 | M40: 4000000 | O40: =HYPERLINK("https://juniorjoda.com.br/imovel/43820000212/","Ver anúncio")

Sheet 🔑 Locação
A1: 🏠 Junior Joda Soluções Imobiliárias — Imóveis para Locação | Extraído em 28/06/2026
A2: Ref. | B2: Tipo | C2: Empreendimento | D2: Bairro / Localização | E2: Cidade | F2: Endereço | G2: Área Priv. (m²) | H2: Área Total (m²) | I2: Área Terreno (m²) | J2: Quartos | K2: Suítes | L2: Vagas | M2: Preço (R$) | N2: Obs. | O2: Link
A3: 43820000194 | B3: Sala Comercial em Edifício | D3: Zona 04 | E3: Maringá - PR | F3: R. Princesa Isabel | M3: Consulte | O3: =HYPERLINK("https://juniorjoda.com.br/imovel/43820000194/","Ver anúncio")
A4: 43820000197 | B4: Sala Comercial | C4: Phenom Parque Empresarial | D4: Zona Armazém | E4: Maringá - PR | F4: Av. Carneiro Leão | G4: 109.65 | L4: 1 | M4: Consulte | O4: =HYPERLINK("https://juniorjoda.com.br/imovel/43820000197/","Ver anúncio")
A5: 43820000163 | B5: Sala Comercial | D5: Vila Morangueira | E5: Maringá - PR | F5: R. La Paz | G5: 35 | M5: 1100 | O5: =HYPERLINK("https://juniorjoda.com.br/imovel/43820000163/","Ver anúncio")
A6: 43820000117 | B6: Apartamento | C6: Residencial Vitória Regia | D6: Parque Res Aeroporto | E6: Maringá - PR | F6: R. Mário José de Faria Ferraz | G6: 62.85 | H6: 87.75 | J6: 1 | K6: 1 | L6: 1 | M6: 1300 | O6: =HYPERLINK("https://juniorjoda.com.br/imovel/43820000117/","Ver anúncio")
A7: 43820000136 | B7: Apartamento | C7: Residencial Vitória Regia | D7: Parque Res Aeroporto | E7: Maringá - PR | F7: R. Mário José de Faria Ferraz | G7: 62.85 | H7: 87.75 | J7: 1 | K7: 1 | L7: 1 | M7: 1300 | O7: =HYPERLINK("https://juniorjoda.com.br/imovel/43820000136/","Ver anúncio")
A8: 43820000120 | B8: Sala Comercial | C8: Sala Comercial Solar da Rosa | D8: Zona 06 | E8: Maringá - PR | F8: R. João Vercesi | G8: 42 | H8: 59.55 | M8: 1350 | O8: =HYPERLINK("https://juniorjoda.com.br/imovel/43820000120/","Ver anúncio")
A9: 43820000209 | B9: Apartamento | D9: Jardim Alvorada | E9: Maringá - PR | F9: Av. Dona Sophia Rasgulaeff | G9: 79.59 | H9: 79.59 | J9: 2 | L9: 1 | M9: 1650 | O9: =HYPERLINK("https://juniorjoda.com.br/imovel/43820000209/","Ver anúncio")
A10: 43820000201 | B10: Apartamento | C10: Portal de Elyon | D10: Jardim Aclimação | E10: Maringá - PR | F10: Av. Dr. Gastão Vidigal | G10: 84 | H10: 111.58 | J10: 2 | K10: 1 | L10: 1 | M10: 2490 | O10: =HYPERLINK("https://juniorjoda.com.br/imovel/43820000201/","Ver anúncio")
A11: 43820000224 | B11: Casa | D11: Jardim Real | E11: Maringá - PR | F11: R. Rubi | H11: 106.78 | I11: 153 | J11: 2 | K11: 1 | L11: 2 | M11: 2500 | O11: =HYPERLINK("https://juniorjoda.com.br/imovel/43820000224/","Ver anúncio")
A12: 43820000186 | B12: Barracão | D12: Jardim Aurora | E12: Maringá - PR | F12: R. Marcello Emerson Franchini | G12: 250 | H12: 250 | I12: 490 | M12: 3400 | O12: =HYPERLINK("https://juniorjoda.com.br/imovel/43820000186/","Ver anúncio")
A13: 43820000217 | B13: Apartamento Duplex | C13: Salgueiro | D13: Zona 03 | E13: Maringá - PR | F13: R. Marcílio Dias | G13: 93.82 | H13: 149.68 | J13: 3 | L13: 1 | M13: 3500 | O13: =HYPERLINK("https://juniorjoda.com.br/imovel/43820000217/","Ver anúncio")
A14: 43820000189 | B14: Salão Comercial | D14: Jardim Itaipu | E14: Maringá - PR | F14: Av. Pioneiro Maurício Mariani | G14: 169.28 | H14: 300.27 | L14: 6 | M14: 3690 | O14: =HYPERLINK("https://juniorjoda.com.br/imovel/43820000189/","Ver anúncio")
A15: 43820000223 | B15: Apartamento | C15: São Tomé | D15: Zona 07 | E15: Maringá - PR | F15: R. Campos Sales | G15: 89 | H15: 184.4 | J15: 1 | K15: 1 | L15: 2 | M15: 3800 | O15: =HYPERLINK("https://juniorjoda.com.br/imovel/43820000223/","Ver anúncio")
A16: 43820000208 | B16: Sala Comercial em Edifício | D16: Zona 03 | E16: Maringá - PR | F16: R. Santos Dumont | G16: 60.39 | L16: 1 | M16: 3925.35 | O16: =HYPERLINK("https://juniorjoda.com.br/imovel/43820000208/","Ver anúncio")
A17: 43820000222 | B17: Apartamento | C17: Bonne Vie Halchuk Residencial Club | D17: Vila Bosque | E17: Maringá - PR | F17: R. Mem de Sá | G17: 77.63 | H17: 109.8 | J17: 2 | K17: 1 | L17: 2 | M17: 4000 | O17: =HYPERLINK("https://juniorjoda.com.br/imovel/43820000222/","Ver anúncio")
A18: 43820000196 | B18: Sala Comercial | C18: Phenom Parque Empresarial | D18: Zona Armazém | E18: Maringá - PR | F18: Av. Carneiro Leão | G18: 46.17 | L18: 1 | M18: 4200 | O18: =HYPERLINK("https://juniorjoda.com.br/imovel/43820000196/","Ver anúncio")
A19: 43820000198 | B19: Sala Comercial | C19: Phenom Parque Empresarial | D19: Zona Armazém | E19: Maringá - PR | F19: Av. Carneiro Leão | G19: 50.77 | L19: 1 | M19: 4500 | O19: =HYPERLINK("https://juniorjoda.com.br/imovel/43820000198/","Ver anúncio")
A20: 43820000128 | B20: Sala Comercial (Loja) | C20: Maison Florence | D20: Zona 03 | E20: Maringá - PR | F20: R. Neo Alves Martins | G20: 201.82 | H20: 201.82 | M20: 6900 | O20: =HYPERLINK("https://juniorjoda.com.br/imovel/43820000128/","Ver anúncio")
A21: 43820000172 | B21: Salão Comercial | D21: Jardim Internorte | E21: Maringá - PR | F21: R. Estados Unidos | G21: 399.98 | M21: 6900 | O21: =HYPERLINK("https://juniorjoda.com.br/imovel/43820000172/","Ver anúncio")
A22: 43820000221 | B22: Sala Comercial | C22: Vision Mall | D22: Zona 08 | E22: Maringá - PR | F22: Av. Londrina | G22: 83.19 | H22: 113.2 | M22: 7000 | O22: =HYPERLINK("https://juniorjoda.com.br/imovel/43820000221/","Ver anúncio")
A23: 43820000182 | B23: Barracão | D23: Jardim Aclimação | E23: Maringá - PR | F23: Av. Senador Petrônio Portela | G23: 342.82 | H23: 360 | I23: 360 | L23: 4 | M23: 11900 | O23: =HYPERLINK("https://juniorjoda.com.br/imovel/43820000182/","Ver anúncio")
